County_Name,State,MedianIncome,fips_code,StateMedian80,PctZeroVehicleHH,RUCC_2023,aden_supermarkets,PctNoInternet,Score,Label
Madison County,Georgia,58784,13195,42765.200000000004,3.9,3.0,0.02558971818181818,1.2625982398783693,2,Low
Taliaferro County,Georgia,48036,13265,42765.200000000004,8.4,8.0,0.0,0.4100054909481723,3,Low
Jackson County,Colorado,41809,08057,52857.600000000006,3.3,9.0,0.0,0.7879071831703,5,Medium
Dougherty County,Georgia,46784,13095,42765.200000000004,10.9,3.0,0.066200925,2.0578137405172248,2,Low
Logan County,Colorado,55074,08075,52857.600000000006,5.9,6.0,0.0,1.1221214595844744,2,Low
Charlton County,Georgia,48534,13049,42765.200000000004,5.1,8.0,0.0,0.567341230323823,3,Low
Mcintosh County,Georgia,50348,13191,42765.200000000004,7.5,3.0,0.004921925,1.3013028039876873,2,Low
Jefferson County,Georgia,46561,13163,42765.200000000004,8.7,8.0,0.005795077777777778,2.0183899374927328,3,Low
Wilkinson County,Georgia,46673,13319,42765.200000000004,7.1,8.0,0.00396318,1.56217344580674,3,Low
Mitchell County,Georgia,51908,13205,42765.200000000004,14.3,6.0,0.010413557142857143,1.2680352266925903,2,Low
Brantley County,Georgia,47801,13025,42765.200000000004,4.5,3.0,0.00237375,0.9941574816408546,2,Low
Conejos County,Colorado,47209,08021,52857.600000000006,6.4,9.0,0.0,2.5160116801552634,5,Medium
Bent County,Colorado,49194,08011,52857.600000000006,6.9,9.0,0.0,0.9266342727263303,5,Medium
Glascock County,Georgia,55250,13125,42765.200000000004,9.6,9.0,0.00148468,0.5833220954715739,3,Low
Burke County,Georgia,50739,13033,42765.200000000004,8.1,2.0,0.0029111,1.5746752679421503,2,Low
Chattooga County,Georgia,47785,13055,42765.200000000004,6.0,6.0,0.009988499999999999,0.9036088654588267,2,Low
Spalding County,Georgia,60217,13255,42765.200000000004,6.8,1.0,0.0116312,1.2372122538873822,2,Low
Decatur County,Georgia,50485,13087,42765.200000000004,9.2,6.0,0.00129935,2.838807856490858,2,Low
Mahnomen County,Minnesota,53925,27087,57074.4,9.0,8.0,0.000962488888888889,1.0947623846198136,5,Medium
Berrien County,Georgia,50414,13019,42765.200000000004,3.2,8.0,0.014285912500000001,1.2958840391014455,3,Low
Imperial County,California,56393,06025,63815.200000000004,6.0,3.0,0.0,3.6880610679167765,4,Medium
Bleckley County,Georgia,53005,13023,42765.200000000004,6.5,6.0,0.0014893499999999997,0.46834849170155907,2,Low
Baldwin County,Georgia,55413,13009,42765.200000000004,7.5,4.0,0.0029172571428571427,0.5467445114222227,2,Low
Baca County,Colorado,40380,08009,52857.600000000006,5.6,9.0,0.0,1.8676146711856454,5,Medium
Stephens County,Georgia,52264,13257,42765.200000000004,4.8,7.0,0.00127126,0.6562490869308417,3,Low
Humboldt County,California,61135,06023,63815.200000000004,6.5,5.0,0.0,6.830675008375483,4,Medium
Talbot County,Georgia,45098,13263,42765.200000000004,9.0,2.0,0.0043019,1.343521603875072,2,Low
Evans County,Georgia,53908,13109,42765.200000000004,4.6,8.0,0.0016134111111111111,0.2379234733250951,3,Low
Dooly County,Georgia,56545,13093,42765.200000000004,7.5,8.0,0.00230647,1.4440632194791494,3,Low
Trinity County,California,53498,06105,63815.200000000004,4.1,8.0,0.0,3.382839040253256,5,Medium
Chattahoochee County,Georgia,59221,13053,42765.200000000004,1.2,2.0,0.0,0.40629041590015674,2,Low
Terrell County,Georgia,43812,13273,42765.200000000004,13.1,3.0,0.0010309124999999999,0.7906372567163753,2,Low
Pulaski County,Georgia,47688,13235,42765.200000000004,7.3,8.0,0.004141066666666667,0.6464671809453071,3,Low
Montgomery County,New York,62923,36057,58320.8,12.5,4.0,0.0022944949999999997,2.4849760568334562,2,Low
Schuyler County,New York,65625,36097,58320.8,6.3,8.0,0.0,2.021338822634692,3,Low
Knox County,Ohio,73988,39083,60176.8,6.7,6.0,0.0040828,1.8967073505500276,2,Low
Greene County,New York,74011,36039,58320.8,7.3,6.0,0.00711253488372093,6.885979832310896,2,Low
Mille Lacs County,Minnesota,71455,27095,57074.4,5.6,1.0,0.004038630769230769,1.4505356315710038,2,Low
Cottonwood County,Minnesota,68239,27033,57074.4,5.6,9.0,0.0,1.403473055829817,3,Low
Murray County,Georgia,67880,13213,42765.200000000004,4.7,3.0,0.006383,0.48754943085651437,2,Low
Lamar County,Georgia,68457,13171,42765.200000000004,3.4,6.0,0.009366530000000001,0.5164642136401556,2,Low
Yates County,New York,67521,36123,58320.8,13.0,6.0,0.0059112,1.9241181950700041,2,Low
Norman County,Minnesota,69833,27107,57074.4,5.2,8.0,0.0,2.043793603696748,3,Low
Chemung County,New York,63469,36015,58320.8,9.6,3.0,0.017584617391304347,2.7713908486389185,2,Low
Floyd County,Georgia,62540,13115,42765.200000000004,7.2,3.0,0.012609728571428572,1.9677157743475273,2,Low
Catoosa County,Georgia,72425,13047,42765.200000000004,4.2,2.0,0.02127845,0.4759290563186797,2,Low
Hubbard County,Minnesota,70622,27057,57074.4,5.4,9.0,0.0021890181818181816,0.9381699831775068,3,Low
Clinton County,New York,69208,36019,58320.8,10.2,4.0,0.0036509206896551726,4.7087146772985005,2,Low
Custer County,Colorado,72700,08027,52857.600000000006,4.0,8.0,0.0,0.2190693144142819,3,Low
Rock County,Minnesota,70698,27133,57074.4,6.0,2.0,0.0,1.1122836131706202,2,Low
Glenn County,California,70487,06021,63815.200000000004,3.1,6.0,0.0,1.444125957031366,2,Low
Montrose County,Colorado,66072,08085,52857.600000000006,3.1,5.0,0.0,2.3539262826653444,2,Low
Cayuga County,New York,66583,36011,58320.8,9.3,4.0,0.0077904,3.297679568228322,2,Low
Kings County,California,68750,06031,63815.200000000004,5.8,3.0,0.0,2.009725571040465,2,Low
Chatham County,Georgia,69575,13051,42765.200000000004,7.3,2.0,0.16095886,2.476426978145165,2,Low
Carroll County,Georgia,72327,13045,42765.200000000004,4.1,1.0,0.014073045454545456,1.6998152086020604,2,Low
Brown County,Ohio,69990,39015,60176.8,5.9,1.0,0.005555675,2.203947306505851,2,Low
Rockdale County,Georgia,72349,13247,42765.200000000004,3.8,1.0,0.09504794999999999,0.4110578610303335,2,Low
Kern County,California,67660,06029,63815.200000000004,6.5,2.0,0.0,14.407877873720258,2,Low
Schoharie County,New York,71188,36095,58320.8,6.6,2.0,0.003103884615384615,4.252373375266275,2,Low
Hancock County,Ohio,69699,39063,60176.8,5.0,4.0,0.0019759624999999997,1.5739114114369723,2,Low
Grant County,Minnesota,72957,27051,57074.4,4.1,9.0,0.0008445333333333333,1.2259620020121211,3,Low
Tioga County,New York,71791,36107,58320.8,6.6,3.0,0.0140758625,1.9221997221117257,2,Low
Crow Wing County,Minnesota,71343,27035,57074.4,4.8,4.0,0.008750757894736843,2.0238047303664426,2,Low
St. Louis County,Minnesota,69455,27137,57074.4,8.3,2.0,0.026889546,8.81183902510215,2,Low
Pine County,Minnesota,69666,27115,57074.4,5.9,8.0,0.0005102833333333333,3.0797234306687487,3,Low
Orange County,California,113702,06059,63815.200000000004,4.7,1.0,0.0,10.155719420569577,2,Low
Lake County,Colorado,93655,08065,52857.600000000006,4.4,9.0,0.0,0.3472433686256,3,Low
Gilpin County,Colorado,88654,08047,52857.600000000006,5.5,1.0,0.0,0.2885622566265545,2,Low
Napa County,California,108970,06055,63815.200000000004,4.8,3.0,0.0,0.8618795475684656,2,Low
Columbia County,New York,83619,36021,58320.8,6.0,6.0,0.006994456410256411,4.538742791906782,2,Low
Olmsted County,Minnesota,93494,27109,57074.4,6.8,3.0,0.010726813636363637,1.037737524918454,2,Low
Le Sueur County,Minnesota,90218,27079,57074.4,3.3,1.0,0.004321076923076923,1.2031591703082516,2,Low
Oconee County,Georgia,115925,13219,42765.200000000004,0.7,3.0,0.0318022625,0.46653983411513306,2,Low
Orange County,New York,96497,36071,58320.8,8.6,2.0,0.02817445576923077,5.624536788755004,2,Low
Carver County,Minnesota,123144,27019,57074.4,3.7,1.0,0.01935862,1.3493211390811521,2,Low
Dutchess County,New York,97273,36027,58320.8,7.0,2.0,0.033915944117647055,3.185115900279095,2,Low
Butler County,Ohio,81194,39017,60176.8,4.6,1.0,0.06797650000000001,2.199930466543027,2,Low
Henry County,Georgia,81612,13151,42765.200000000004,2.8,1.0,0.048862818181818174,0.3809313528605538,2,Low
Clear Creek County,Colorado,96667,08019,52857.600000000006,3.9,1.0,0.0,0.9100507311043062,2,Low
Contra Costa County,California,125727,06013,63815.200000000004,5.1,1.0,0.0,3.9402525797879964,2,Low
San Diego County,California,102285,06073,63815.200000000004,5.4,1.0,0.0,14.032942167134632,2,Low
Forsyth County,Georgia,138000,13117,42765.200000000004,2.1,1.0,0.12533838,0.25827071889664277,2,Low
Warren County,New York,78239,36113,58320.8,8.0,3.0,0.017556973076923076,3.088916756265598,2,Low
Calaveras County,California,79877,06009,63815.200000000004,2.2,6.0,0.0,2.7012480369063736,2,Low
Kings County,New York,78548,36047,58320.8,55.7,1.0,7.013921344186047,7.378647975759456,2,Low
Carlton County,Minnesota,80042,27017,57074.4,4.7,2.0,0.00039966875,2.279259386348912,2,Low
Boulder County,Colorado,102772,08013,52857.600000000006,5.1,2.0,0.0,1.5386998028304701,2,Low
Auglaize County,Ohio,76454,39011,60176.8,3.9,4.0,0.00651346,0.8335635774479121,2,Low
San Francisco County,California,141446,06075,63815.200000000004,29.9,1.0,0.0,5.635787960075835,4,Medium
Kandiyohi County,Minnesota,75097,27067,57074.4,6.1,4.0,0.0015241684210526316,1.8936348462358257,2,Low
San Mateo County,California,156000,06081,63815.200000000004,5.6,1.0,0.0,2.9338409231283284,2,Low
Greene County,Ohio,85218,39057,60176.8,4.5,2.0,0.06963095769230769,1.1878936928372799,2,Low
Sonoma County,California,102840,06097,63815.200000000004,4.6,2.0,0.0,4.895506930880373,2,Low
Colusa County,California,75149,06011,63815.200000000004,5.6,6.0,0.0,0.8578672498198434,2,Low
Saratoga County,New York,99653,36091,58320.8,4.8,2.0,0.02112628148148148,2.0820083637369695,2,Low
Queens County,New York,84961,36081,58320.8,36.9,1.0,3.7825068150684933,10.090272550732399,2,Low
Stanislaus County,California,79661,06099,63815.200000000004,5.3,2.0,0.0,4.357539827537923,2,Low
